<?xml version="1.0" encoding="UTF-8"?>
<beans xmlns="http://www.springframework.org/schema/beans"
	xmlns:xsi="http://www.w3.org/2001/XMLSchema-instance"
	xmlns:aop="http://www.springframework.org/schema/aop"
	xmlns:context="http://www.springframework.org/schema/context"
	xmlns:jdbc="http://www.springframework.org/schema/jdbc"
	xmlns:mybatis-spring="http://mybatis.org/schema/mybatis-spring"
	xmlns:tx="http://www.springframework.org/schema/tx"
	xsi:schemaLocation="http://www.springframework.org/schema/jdbc http://www.springframework.org/schema/jdbc/spring-jdbc-4.3.xsd
		http://mybatis.org/schema/mybatis-spring http://mybatis.org/schema/mybatis-spring-1.2.xsd
		http://www.springframework.org/schema/beans https://www.springframework.org/schema/beans/spring-beans.xsd
		http://www.springframework.org/schema/context http://www.springframework.org/schema/context/spring-context-4.3.xsd
		http://www.springframework.org/schema/aop http://www.springframework.org/schema/aop/spring-aop-4.3.xsd
		http://www.springframework.org/schema/tx http://www.springframework.org/schema/tx/spring-tx-4.3.xsd">
	
	<!-- 자동 프록시 설정 -->
	<aop:aspectj-autoproxy />
	
	<!-- 스프링 jdbc -->
	<bean id="dataSource"
	class="org.springframework.jdbc.datasource.DriverManagerDataSource">
	<property name="driverClassName" value="oracle.jdbc.OracleDriver" />
	<property name="url" value="jdbc:oracle:thin:@localhost:1521/xepdb1" />
	<property name="username" value="hr" />
	<property name="password" value="hr" />
	</bean>
	
	<!-- 스프링과 mybatis 연결 설정과 mybatis 환경설정 -->
	<bean id="sqlSessionFactory"
	class="org.mybatis.spring.SqlSessionFactoryBean">
	<property name="dataSource" ref="dataSource" />
	<!-- 스프링의 setter()메서드를 통한 의존성 주입 -->
	<property name="configLocation"
	value="classpath:/mybatis-config.xml" />
	<!-- classpath경로는 이클립스 가상결로가 src/main/resources 이다. 이 경로에
	있는 mybatis-config.xml파일을 읽어들임. 이 파일의 기능은 데이터 저장빈 클래스
	의 객체명 별칭을 관리한다. -->	
	<property name="mapperLocations"
	value="classpath:org/zerock/mappers/*/*.xml" />
	<!-- mybatis 쿼리문을 담는 매퍼태그 xml위치 -->
	</bean>
	
	<!-- 트랜잭션 매니져 설정 -->
	<bean id="transactionManager"
	class=
	"org.springframework.jdbc.datasource.DataSourceTransactionManager">
	  <property name="dataSource" ref="dataSource" />
	  <!-- setter()메서드를 통한 의존성 주입 -->
	</bean>
	<tx:annotation-driven/><!-- 트랜잭션 설정 애너테이션 -->
	
	<bean id="sqlSession" class="org.mybatis.spring.SqlSessionTemplate"
	destroy-method="clearCache">
	<constructor-arg name="sqlSessionFactory"
	ref="sqlSessionFactory" />
	<!-- constructor-arg의 뜻은 생성자를 통한 의존성 주입=>DI -->
	</bean>
	
	<!-- 모델 DAOImpl의 @Repository로 설정된 부분을 스프링에서 오토스캔(자동으로 찾아서)
	하여 등록하게 함. -->
	<context:component-scan base-package="org.zerock.dao" />
	
	<!-- 서비스 오토스캔 추가. 이 서비스 패키지의 역할은 첫번째로 컨트롤러와 모델 DAO를 연결하는 
	중간 매개체 역할을 한다. 둘째 고객의 추가요구 사항을 반영한다. 셋째 스프링의 aop를 통한 트랜잭션
	을 적용함으로써 데이터 일관성과 사이트의 신뢰도를 유지한다. -->
	<context:component-scan base-package="org.zerock.service" />
	
	<aop:config />
	<!-- aop를 xml방식으로 설정할 때 사용. -->
	
</beans>



