<?xml version="1.0" encoding="UTF-8"?>

<!DOCTYPE mapper
PUBLIC "-//mybatis.org//DTD Mapper 3.0//EN"
"http://mybatis.org/dtd/mybatis-3-mapper.dtd">

<mapper namespace="Board">
  <!-- 게시물 저장 -->
  <insert id="b_in" parameterType="org.zerock.vo.BoardVO">
   <!-- parameterType속성은 전달인자 타입이다. 속성값으로 mybatis-config.xml에 설정
   한 b대신 BoardVO빈 클래스 풀패키지경로를 사용해도 된다. parameterType속성은 생략가능하다. -->
   insert into tbl_board (bno, writer, title, content, regdate)
   values(bno_seq.nextval, #{writer}, #{title}, #{content}, sysdate) 
  </insert>
  
  <!-- 총 게시물 수 -->
  <select id="b_count" resultType="int">
   <!-- resultType속성은 반환타입이다. -->
    select count(*) from tbl_board
    <!-- count()함수는 총 레코드 개수를 구함. -->
  </select>  
  
  <!-- 게시물목록 -->
  <select id="b_list" parameterType="b" resultType="b">
  select * from
  (select rowNum rNum, bno, writer, title, viewcnt, regdate, replycnt from  
   (select * from tbl_board order by bno desc))
   where rNum &gt;= #{startrow} and rNum &lt;= #{endrow}
   <!-- rowNum컬럼은 테이블 생성시 오라클에서 기본으로 제공하는 컬럼으로 레코드 저장시 일련번호
   값이 저장됨. 일련번호는 중복번호가 없고 1부터 시작해서 1씩 증가하는 정수숫자가 저장됨. 
   rNum은 rowNum컬럼명의 별칭이름. 인라인 뷰 서브쿼리문을 사용함. &gt;=은 >=의 뜻이고,
   &lt;=은 <=를 뜻한다. -->
  </select>
  
  <!-- 조회수 증가 -->
  <update id="b_hit" parameterType="int">
   <!-- parameterType속성은 전달인자 타입으로 생략가능하다. -->
   update tbl_board  set viewcnt=viewcnt+1 where bno=#{bno}
  </update>
  
  <!-- 게시물 내용보기 -->
  <select id="b_cont" resultType="b">
   <!-- parameterType속성은 생략 -->
   select * from tbl_board where bno=#{bno}
  </select>
  
  <!-- 게시물 수정 -->
  <update id="b_edit" parameterType="b">
   update tbl_board set writer=#{writer}, title=#{title}, content=#{content}
   where bno=#{bno}
  </update>
  
  <!-- 게시물 삭제 -->
  <delete id="b_del" parameterType="int">
   delete from tbl_board where bno=#{bno}
  </delete>
  
  <!-- 댓글 수 1 증가와 1감소 -->
  <update id="cnt">
   update tbl_board set replycnt=replycnt+#{count} where bno=#{bno}
  </update>
  
  
</mapper>




